[
  {
    "DT_RowId": "row_1",
    "updatedBy": "Tiger",
    "createdBy": "Nixon",
    "templateName": "System Architect",
    "consentFormTemplate": "t.nixon@datatables.net",
    "templateVersion": "61",
    "dateOfUpdate": "320800",
    "creationDate": "2011-04-25"
  },
  {
    "DT_RowId": "row_2",
    "updatedBy": "Garrett",
    "createdBy": "Winters",
    "templateName": "Accountant",
    "consentFormTemplate": "g.winters@datatables.net",
    "templateVersion": "63",
    "dateOfUpdate": "170750",
    "creationDate": "2011-07-25"
  },
  {
    "DT_RowId": "row_3",
    "updatedBy": "Ashton",
    "createdBy": "Cox",
    "templateName": "Junior Technical Author",
    "consentFormTemplate": "a.cox@datatables.net",
    "templateVersion": "66",
    "dateOfUpdate": "86000",
    "creationDate": "2009-01-12"
  }
]
